Model,Accuracy,AUC,Precision,Recall,F1,MCC
Decision Tree,0.735447231424515,0.6593482350863609,0.5136612021857924,0.4912891986062718,0.5022261798753339,0.32234763844908615
Knn,0.7586370089919545,0.7798142601309055,0.564,0.4912891986062718,0.5251396648044693,0.3659254889217887
Logistic Regression,0.8106956933270232,0.8570194682732123,0.6827731092436975,0.5662020905923345,0.6190476190476191,0.4983947879848497
Naive Bayes,0.7567439659252247,0.8326586565782116,0.5366748166259169,0.764808362369338,0.6307471264367817,0.47353250739129327
Random Forest,0.8002839564600095,0.838619810592425,0.6844660194174758,0.4912891986062718,0.5720081135902637,0.4567467507364079
Xgboost,0.7950780880265026,0.8329139243773391,0.656319290465632,0.5156794425087108,0.577560975609756,0.45048737233867114
